{"status": true, "numDatas": [1000, 1500, 2000, 2500, 3000, 4000, 5000], "target": [0.29207873344421387, 0.16718006134033203, 0.18071579933166504, 0.19790387153625488, 0.19211912155151367, 0.21054697036743164, 0.28574514389038086], "other": [7.803504228591919, 12.240864992141724, 16.764909029006958, 21.44529414176941, 24.288367748260498, 33.07788395881653, 44.581607818603516]}