{"status": true, "numDatas": [0.5, 0.2, 0.1, 0.05, 0.02, 0.01, 0.008, 0.005, 0.002, 0.001, 0.0008, 0.0005], "target": [0.07557797431945801, 0.08056092262268066, 0.07516288757324219, 0.10128903388977051, 0.24965405464172363, 0.5126791000366211, 0.757112979888916, 1.8719589710235596, 10.207797050476074, 32.752166986465454, 59.4185049533844, 265.6155512332916], "other": [0.011457681655883789, 0.011171102523803711, 0.012996196746826172, 0.016582965850830078, 0.03054189682006836, 0.056124210357666016, 0.10752582550048828, 0.2647857666015625, 1.282264232635498, 10.942189931869507, 16.0818612575531, 193.52607989311218]}