{"status": true, "numDatas": [1000, 10000, 20000, 30000, 40000, 50000, 60000, 70000, 80000, 90000, 100000, 200000, 400000, 600000, 800000, 1000000], "target": [0.2120041847229004, 0.30224013328552246, 0.5324060916900635, 0.8936340808868408, 0.8504889011383057, 0.9193322658538818, 1.796553373336792, 1.4517560005187988, 1.4845666885375977, 1.6815698146820068, 1.9361131191253662, 3.9402427673339844, 8.701876878738403, 12.451390981674194, 17.0749671459198, 22.21386170387268], "optimizedLib": [0.03056788444519043, 0.21789121627807617, 0.5100400447845459, 0.6667940616607666, 0.990257740020752, 1.2803447246551514, 1.6462950706481934, 1.955845832824707, 1.743312120437622, 1.9352359771728516, 2.1815571784973145, 4.69435977935791, 9.425892114639282, 16.954309940338135, 20.818086862564087, 27.729736804962158]}