{"status": true, "numDatas": [1000, 10000, 20000, 30000, 40000, 50000, 60000, 70000, 80000, 90000, 100000, 200000, 400000, 600000, 800000, 1000000], "target": [0.2382516860961914, 0.31612610816955566, 0.4551517963409424, 0.6125156879425049, 0.8835291862487793, 0.9947719573974609, 1.0718052387237549, 1.3484511375427246, 1.4316082000732422, 1.5886809825897217, 1.912811040878296, 4.658831834793091, 7.213095188140869, 12.963979005813599, 16.17743492126465, 26.933478116989136], "other": [0.031162261962890625, 0.21390581130981445, 0.41927289962768555, 0.6334969997406006, 0.8963110446929932, 1.0382840633392334, 1.3553471565246582, 1.452821969985962, 1.6882059574127197, 1.8864409923553467, 2.2524070739746094, 4.38054895401001, 9.225080966949463, 14.517816066741943, 23.71077609062195, 32.94194006919861]}